{
  "weights": {
    "WEIGHT_ADJACENCY": 1.5800124949983012,
    "WEIGHT_BLOCKED_STACK_PENALTY": 1.6176624037199625,
    "WEIGHT_CAP_HEIGHT": 3.909934883312248,
    "WEIGHT_CENTER_CONTROL": -0.598924157797951,
    "WEIGHT_CONNECTED_NEIGHBOR": 4.169769214360654,
    "WEIGHT_ELIMINATED_RINGS": 11.530738914922877,
    "WEIGHT_FORCED_ELIMINATION_RISK": 1.3507422599631047,
    "WEIGHT_FOUR_IN_ROW": 5.544105387988449,
    "WEIGHT_GAP_POTENTIAL": -2.3691211640861964,
    "WEIGHT_LINE_CONNECTIVITY": 4.261306858550476,
    "WEIGHT_LINE_POTENTIAL": 9.3955344258238,
    "WEIGHT_LPS_ACTION_ADVANTAGE": -1.1075743530475477,
    "WEIGHT_MARKER_COUNT": 0.010064219053738221,
    "WEIGHT_MOBILITY": 6.851340207369652,
    "WEIGHT_MULTI_LEADER_THREAT": 3.172697780687997,
    "WEIGHT_NO_SAFE_MOVES_PENALTY": 6.09773662575589,
    "WEIGHT_NO_STACKS_PENALTY": 50.823443773546764,
    "WEIGHT_OPPONENT_THREAT": 4.072196869746339,
    "WEIGHT_OPPONENT_VICTORY_THREAT": 2.2104612406558974,
    "WEIGHT_OVERTAKE_POTENTIAL": 4.6761150733077,
    "WEIGHT_RINGS_IN_HAND": 4.417034251745629,
    "WEIGHT_RINGS_PROXIMITY_FACTOR": 50.86804090170263,
    "WEIGHT_SAFE_MOVE_BONUS": 2.347915137571619,
    "WEIGHT_SINGLE_STACK_PENALTY": 13.457257765469667,
    "WEIGHT_STACK_CONTROL": 10.745597053808625,
    "WEIGHT_STACK_DIVERSITY_BONUS": -1.4663404686908499,
    "WEIGHT_STACK_HEIGHT": 8.99748061337043,
    "WEIGHT_STACK_MOBILITY": 1.0167407886760342,
    "WEIGHT_SWAP_CORNER_PENALTY": 8.414415749181922,
    "WEIGHT_SWAP_DIAGONAL_BONUS": 6.792567785373581,
    "WEIGHT_SWAP_EDGE_BONUS": 2.82889534490366,
    "WEIGHT_SWAP_EXPLORATION_TEMPERATURE": -0.9720523926002922,
    "WEIGHT_SWAP_OPENING_ADJACENCY": -1.6046960570056341,
    "WEIGHT_SWAP_OPENING_CENTER": 17.416953085486746,
    "WEIGHT_SWAP_OPENING_HEIGHT": 8.060802246731026,
    "WEIGHT_SWAP_OPENING_STRENGTH": 16.64716708967283,
    "WEIGHT_TERRITORY": 6.868263757543716,
    "WEIGHT_TERRITORY_CLOSURE": 8.233975531397421,
    "WEIGHT_TERRITORY_PROXIMITY_FACTOR": 52.50726640096095,
    "WEIGHT_TERRITORY_SAFETY": 5.543310753413768,
    "WEIGHT_THREE_IN_ROW": -0.20760642132245183,
    "WEIGHT_TWO_IN_ROW": 3.3578177327480323,
    "WEIGHT_VICTORY_PROXIMITY": 20.98817433997469,
    "WEIGHT_VICTORY_THRESHOLD_BONUS": 996.0401403408421,
    "WEIGHT_VULNERABILITY": 9.531206054109992
  },
  "fitness": 0.75,
  "iteration": 9,
  "run_id": "cmaes_20251202_175905",
  "timestamp": "2025-12-02T18:32:07.110507"
}
