{
  "fitness": 0.375,
  "generation": 15,
  "timestamp": "2025-12-02T16:45:58.314247",
  "weights": {
    "WEIGHT_ADJACENCY": -0.38225665309137125,
    "WEIGHT_BLOCKED_STACK_PENALTY": 3.3168993768042565,
    "WEIGHT_CAP_HEIGHT": 4.387188657412089,
    "WEIGHT_CENTER_CONTROL": 3.024238445562216,
    "WEIGHT_CONNECTED_NEIGHBOR": 4.429840839206142,
    "WEIGHT_ELIMINATED_RINGS": 14.88306176218142,
    "WEIGHT_FORCED_ELIMINATION_RISK": 0.8955818503590638,
    "WEIGHT_FOUR_IN_ROW": 6.325501404212321,
    "WEIGHT_GAP_POTENTIAL": -3.030828817652997,
    "WEIGHT_LINE_CONNECTIVITY": 5.874588185854698,
    "WEIGHT_LINE_POTENTIAL": 8.080771875652996,
    "WEIGHT_LPS_ACTION_ADVANTAGE": 1.9717585188310958,
    "WEIGHT_MARKER_COUNT": 3.173674493892955,
    "WEIGHT_MOBILITY": 1.8274331789512925,
    "WEIGHT_MULTI_LEADER_THREAT": 3.5967071461633275,
    "WEIGHT_NO_SAFE_MOVES_PENALTY": 2.1405298570042812,
    "WEIGHT_NO_STACKS_PENALTY": 51.86529969342652,
    "WEIGHT_OPPONENT_THREAT": 3.7425417740207108,
    "WEIGHT_OPPONENT_VICTORY_THREAT": 5.619405758444216,
    "WEIGHT_OVERTAKE_POTENTIAL": 6.78022907554471,
    "WEIGHT_RINGS_IN_HAND": 3.086041365592597,
    "WEIGHT_RINGS_PROXIMITY_FACTOR": 49.5269738607278,
    "WEIGHT_SAFE_MOVE_BONUS": 6.634974241656224,
    "WEIGHT_SINGLE_STACK_PENALTY": 9.882457750771493,
    "WEIGHT_STACK_CONTROL": 9.852285294795763,
    "WEIGHT_STACK_DIVERSITY_BONUS": 1.4641795071345656,
    "WEIGHT_STACK_HEIGHT": 7.125738524093113,
    "WEIGHT_STACK_MOBILITY": 1.7736755079590054,
    "WEIGHT_SWAP_CORNER_PENALTY": 9.514969069671787,
    "WEIGHT_SWAP_DIAGONAL_BONUS": 10.219489798386746,
    "WEIGHT_SWAP_EDGE_BONUS": 2.180764150176144,
    "WEIGHT_SWAP_EXPLORATION_TEMPERATURE": 0.07753721021749291,
    "WEIGHT_SWAP_OPENING_ADJACENCY": 2.085071460877337,
    "WEIGHT_SWAP_OPENING_CENTER": 17.152432710517154,
    "WEIGHT_SWAP_OPENING_HEIGHT": 2.379808696409902,
    "WEIGHT_SWAP_OPENING_STRENGTH": 19.166968152047325,
    "WEIGHT_TERRITORY": 8.365096781329797,
    "WEIGHT_TERRITORY_CLOSURE": 11.458707616246954,
    "WEIGHT_TERRITORY_PROXIMITY_FACTOR": 52.363118123281204,
    "WEIGHT_TERRITORY_SAFETY": 3.3501379741758184,
    "WEIGHT_THREE_IN_ROW": 4.059257359025464,
    "WEIGHT_TWO_IN_ROW": 6.117420646165616,
    "WEIGHT_VICTORY_PROXIMITY": 20.78207701638209,
    "WEIGHT_VICTORY_THRESHOLD_BONUS": 1000.0460744898077,
    "WEIGHT_VULNERABILITY": 6.904686776186022
  }
}
