{
  "fitness": 0.625,
  "generation": 15,
  "timestamp": "2025-12-02T14:18:58.476064",
  "weights": {
    "WEIGHT_ADJACENCY": 1.1126817642278901,
    "WEIGHT_BLOCKED_STACK_PENALTY": 3.804751277843764,
    "WEIGHT_CAP_HEIGHT": 5.059931894588022,
    "WEIGHT_CENTER_CONTROL": 1.798463505544127,
    "WEIGHT_CONNECTED_NEIGHBOR": 1.7254752339376824,
    "WEIGHT_ELIMINATED_RINGS": 13.98466358765028,
    "WEIGHT_FORCED_ELIMINATION_RISK": 1.600919661982255,
    "WEIGHT_FOUR_IN_ROW": 4.684511586926137,
    "WEIGHT_GAP_POTENTIAL": -0.9399595644576018,
    "WEIGHT_LINE_CONNECTIVITY": 5.5143575587351235,
    "WEIGHT_LINE_POTENTIAL": 7.355993753260674,
    "WEIGHT_LPS_ACTION_ADVANTAGE": 1.7804621746251137,
    "WEIGHT_MARKER_COUNT": 3.411229166142043,
    "WEIGHT_MOBILITY": 2.772207266648149,
    "WEIGHT_MULTI_LEADER_THREAT": 1.838029382181623,
    "WEIGHT_NO_SAFE_MOVES_PENALTY": 2.3548406300091123,
    "WEIGHT_NO_STACKS_PENALTY": 51.868969601366324,
    "WEIGHT_OPPONENT_THREAT": 4.6570646594026766,
    "WEIGHT_OPPONENT_VICTORY_THREAT": 4.96886205038996,
    "WEIGHT_OVERTAKE_POTENTIAL": 6.299102154976795,
    "WEIGHT_RINGS_IN_HAND": 2.6522023807204005,
    "WEIGHT_RINGS_PROXIMITY_FACTOR": 49.33819448687992,
    "WEIGHT_SAFE_MOVE_BONUS": 5.151975712057996,
    "WEIGHT_SINGLE_STACK_PENALTY": 9.599131906440634,
    "WEIGHT_STACK_CONTROL": 9.104764713502867,
    "WEIGHT_STACK_DIVERSITY_BONUS": 0.49135856960730206,
    "WEIGHT_STACK_HEIGHT": 7.903999814200738,
    "WEIGHT_STACK_MOBILITY": 0.7294789780512705,
    "WEIGHT_SWAP_CORNER_PENALTY": 7.354558395232543,
    "WEIGHT_SWAP_DIAGONAL_BONUS": 9.231115684294366,
    "WEIGHT_SWAP_EDGE_BONUS": 2.683578392844149,
    "WEIGHT_SWAP_EXPLORATION_TEMPERATURE": 0.7430153744220254,
    "WEIGHT_SWAP_OPENING_ADJACENCY": 2.419976382395771,
    "WEIGHT_SWAP_OPENING_CENTER": 16.901491673189845,
    "WEIGHT_SWAP_OPENING_HEIGHT": 3.0404996463514817,
    "WEIGHT_SWAP_OPENING_STRENGTH": 19.169551931692048,
    "WEIGHT_TERRITORY": 9.874032645241918,
    "WEIGHT_TERRITORY_CLOSURE": 11.215381050573338,
    "WEIGHT_TERRITORY_PROXIMITY_FACTOR": 52.458135154342116,
    "WEIGHT_TERRITORY_SAFETY": 3.598620426557993,
    "WEIGHT_THREE_IN_ROW": 2.1630467200163146,
    "WEIGHT_TWO_IN_ROW": 4.875551625056753,
    "WEIGHT_VICTORY_PROXIMITY": 21.58617244568425,
    "WEIGHT_VICTORY_THRESHOLD_BONUS": 998.4886274171809,
    "WEIGHT_VULNERABILITY": 8.321877910165682
  }
}
